time,open,high,low,close,volume
2026-09-25 14:00:00+00:00,1219.0,1224.0,1219.0,1223.7,417427.0
2026-09-25 14:05:00+00:00,1223.7,1224.1,1221.7,1221.9,279134.0
2026-09-25 14:10:00+00:00,1221.8,1223.5,1221.8,1223.0,186315.0
2026-09-25 14:15:00+00:00,1223.1,1225.0,1223.0,1224.2,158431.0
2026-09-25 14:20:00+00:00,1224.2,1224.2,1223.3,1223.8,100655.0
2026-09-25 14:25:00+00:00,1223.8,1225.5,1223.7,1225.0,289083.0
2026-09-25 14:30:00+00:00,1225.0,1227.4,1224.7,1226.0,161139.0
2026-09-25 14:35:00+00:00,1226.0,1226.2,1225.7,1226.0,84218.0
2026-09-25 14:40:00+00:00,1226.2,1226.2,1224.6,1224.8,131678.0
2026-09-25 14:45:00+00:00,1224.8,1225.1,1223.8,1224.2,191966.0
2026-09-25 14:50:00+00:00,1224.1,1225.3,1223.9,1224.8,192703.0
2026-09-25 14:55:00+00:00,1224.8,1225.8,1224.4,1225.6,171659.0
2026-09-25 15:00:00+00:00,1225.6,1225.6,1223.9,1224.7,455687.0
2026-09-25 15:05:00+00:00,1224.9,1225.1,1223.5,1224.0,344894.0
2026-09-25 15:10:00+00:00,1224.0,1225.0,1223.3,1224.7,330928.0
